original_index,link_name,link_type,from_station_id,to_station_id,from_lat,from_lon,to_lat,to_lon,from_station_name,to_station_name,gis_route_distance_m,average_travel_time_s,average_speed_kmh,assigned_grid_area_km2,assigned_grid_area_m2,Popij,Sij_m,forward_source_link_name
0,1_3,Forward,1,3,10.8771068,106.8028618,10.8766326,106.8024914,"International University, VNU-HCM","International University, VNU-HCM - Creative Square - Linh Trung Ward",142,23,22.22608696,0.00063,630,1.429816771,4.713433499,
1,1_2,U-turn,1,2,10.8771068,106.8028618,10.8781307,106.8027517,"International University, VNU-HCM","International University, VNU-HCM - Le Quy Don Intersection - Thomas Edison Street (Opposite International University) - Le Quy Don Street - Linh Trung Ward",111,16,24.975,0,0,0,0,
2,1_5,Forward,1,5,10.8771068,106.8028618,10.875638,106.804914,"International University, VNU-HCM",VNU-HCM Area A Dormitory - Creative Square Intersection (Outbound) - Creative Square - Linh Trung Ward,308,47,23.59148936,0.0063,6300,12.16134711,8.884732735,
3,1_25,Forward,1,25,10.8771068,106.8028618,10.8736134,106.8029052,"International University, VNU-HCM",VNU-HCM Area A Bus Terminal - Creative Square,475,90.49055406,18.897,0.01323,13230,43.30485724,16.03666423,
4,2_1,U-turn,2,1,10.8781307,106.8027517,10.8771068,106.8028618,"International University, VNU-HCM - Le Quy Don Intersection - Thomas Edison Street (Opposite International University) - Le Quy Don Street - Linh Trung Ward","International University, VNU-HCM",111,14,28.54285714,0,0,0,0,
5,2_19,Forward,2,19,10.8781307,106.8027517,10.874543,106.8001747,"International University, VNU-HCM - Le Quy Don Intersection - Thomas Edison Street (Opposite International University) - Le Quy Don Street - Linh Trung Ward",Student Cultural House - Creative Square - Linh Trung Ward,1370,323,15.26934985,0.02961,29610,122.8893733,36.07327701,
6,2_42,Forward,2,42,10.8781307,106.8027517,10.883092,106.8,"International University, VNU-HCM - Le Quy Don Intersection - Thomas Edison Street (Opposite International University) - Le Quy Don Street - Linh Trung Ward",Ho Da Lake - Le Quy Don Intersection - Nguyen Du Street (Residential Block 497-499) - Linh Trung Ward,686,98,25.2,0.01701,17010,7.076282651,8.57165738,
7,2_43,Forward,2,43,10.8781307,106.8027517,10.8850557,106.8000822,"International University, VNU-HCM - Le Quy Don Intersection - Thomas Edison Street (Opposite International University) - Le Quy Don Street - Linh Trung Ward",National Defense and Security Education Center,820,99,29.81818182,0.04662,46620,14.38171756,22.28499343,
8,2_13,Forward,2,13,10.8781307,106.8027517,10.8801103,106.807183,"International University, VNU-HCM - Le Quy Don Intersection - Thomas Edison Street (Opposite International University) - Le Quy Don Street - Linh Trung Ward","Ho Chi Minh City University of Technology, VNU-HCM - University of Technology (Stop CX 138-142) - Ta Quang Buu Street - Linh Trung Ward",895,156,20.65384615,0.03213,32130,38.07752651,21.07722371,
9,2_41,Forward,2,41,10.8781307,106.8027517,10.8873942,106.8047072,"International University, VNU-HCM - Le Quy Don Intersection - Thomas Edison Street (Opposite International University) - Le Quy Don Street - Linh Trung Ward",National Defense and Security Education Center (Nguyen Du Gate) - Opposite Rear Gate - Nguyen Du Street - Binh Chieu Ward,1342,181,26.69171271,0.04473,44730,9.590759257,24.59852242,
10,2_15,Forward,2,15,10.8781307,106.8027517,10.880791,106.810634,"International University, VNU-HCM - Le Quy Don Intersection - Thomas Edison Street (Opposite International University) - Le Quy Don Street - Linh Trung Ward","AH4 Building, Area A Dormitory - Opposite No. 136-138 Nguyen Binh Khiem Street - Linh Trung Ward",1501,204,26.48823529,0.01386,13860,45.9336698,7.916952557,
11,2_35,Forward,2,35,10.8781307,106.8027517,10.8809737,106.8142454,"International University, VNU-HCM - Le Quy Don Intersection - Thomas Edison Street (Opposite International University) - Le Quy Don Street - Linh Trung Ward",Opposite New Eastern Bus Station,2320,334.6019791,24.961,0.05833,58330,187.2987734,23.24453205,
12,3_4,U-turn,3,4,10.8766326,106.8024914,10.8764075,106.8024855,"International University, VNU-HCM - Creative Square - Linh Trung Ward","International University, VNU-HCM - Opposite International University - Creative Square - Linh Trung Ward",396,951,1.499053628,0,0,0,0,
13,3_18,Forward,3,18,10.8766326,106.8024914,10.8743785,106.7999792,"International University, VNU-HCM - Creative Square - Linh Trung Ward",Student Cultural House - Opposite Student Cultural House - Creative Square - Linh Trung Ward,486,79,22.14683544,0.00693,6930,32.43000763,7.984766361,
14,3_19,Forward,3,19,10.8766326,106.8024914,10.874543,106.8001747,"International University, VNU-HCM - Creative Square - Linh Trung Ward",Student Cultural House - Creative Square - Linh Trung Ward,484,79,22.0556962,0.00189,1890,6.186413339,4.438493402,
15,3_65,Forward,3,65,10.8766326,106.8024914,10.8809022,106.7955379,"International University, VNU-HCM - Creative Square - Linh Trung Ward",VNU-HCM Guest House - Opposite VNU-HCM Guest House (Stop CX 353-355) - Nguyen Du Street - Linh Trung Ward,1043,137,27.40729927,0.13797,137970,226.306524,53.34370497,
16,4_3,U-turn,4,3,10.8764075,106.8024855,10.8766326,106.8024914,"International University, VNU-HCM - Opposite International University - Creative Square - Linh Trung Ward","International University, VNU-HCM - Creative Square - Linh Trung Ward",203,30,24.36,0,0,0,0,
17,4_2,Forward,4,2,10.8764075,106.8024855,10.8781307,106.8027517,"International University, VNU-HCM - Opposite International University - Creative Square - Linh Trung Ward","International University, VNU-HCM - Le Quy Don Intersection - Thomas Edison Street (Opposite International University) - Le Quy Don Street - Linh Trung Ward",285,37.0798699,27.67,0.00189,1890,3.417284864,3.622664175,
18,4_5,Forward,4,5,10.8764075,106.8024855,10.875638,106.804914,"International University, VNU-HCM - Opposite International University - Creative Square - Linh Trung Ward",VNU-HCM Area A Dormitory - Creative Square Intersection (Outbound) - Creative Square - Linh Trung Ward,293,39,27.04615385,0.01008,10080,24.68678666,14.52526663,
19,4_25,Forward,4,25,10.8764075,106.8024855,10.8736134,106.8029052,"International University, VNU-HCM - Opposite International University - Creative Square - Linh Trung Ward",VNU-HCM Area A Bus Terminal - Creative Square,462,70.34937823,23.642,0.01827,18270,80.03622378,29.31203016,
20,5_6,U-turn,5,6,10.875638,106.804914,10.875778,106.8051008,VNU-HCM Area A Dormitory - Creative Square Intersection (Outbound) - Creative Square - Linh Trung Ward,VNU-HCM Area A Dormitory - Creative Square Intersection (Inbound) - Creative Square - Linh Trung Ward,194,32,21.825,0,0,0,0,
21,5_7,Forward,5,7,10.875638,106.804914,10.8746507,106.8061372,VNU-HCM Area A Dormitory - Creative Square Intersection (Outbound) - Creative Square - Linh Trung Ward,"University of Science, VNU-HCM - Opposite CNG Station - Road 621",191,38,18.09473684,0.00567,5670,15.55021293,12.13722446,
22,5_25,Forward,5,25,10.875638,106.804914,10.8736134,106.8029052,VNU-HCM Area A Dormitory - Creative Square Intersection (Outbound) - Creative Square - Linh Trung Ward,VNU-HCM Area A Bus Terminal - Creative Square,425,65,23.53846154,0.00504,5040,15.36326314,5.621898825,
23,6_17,Backward,6,17,10.875778,106.8051008,10.8765308,106.805115,VNU-HCM Area A Dormitory - Creative Square Intersection (Inbound) - Creative Square - Linh Trung Ward,Bus Stop 33,139,35,14.29714286,0.01008,10080,29.44002287,33.33586858,12_5
24,6_3,Forward,6,3,10.875778,106.8051008,10.8766326,106.8024914,VNU-HCM Area A Dormitory - Creative Square Intersection (Inbound) - Creative Square - Linh Trung Ward,"International University, VNU-HCM - Creative Square - Linh Trung Ward",306,42,26.22857143,0.0063,6300,14.38537028,5.871874672,
25,6_2,Forward,6,2,10.875778,106.8051008,10.8781307,106.8027517,VNU-HCM Area A Dormitory - Creative Square Intersection (Inbound) - Creative Square - Linh Trung Ward,"International University, VNU-HCM - Le Quy Don Intersection - Thomas Edison Street (Opposite International University) - Le Quy Don Street - Linh Trung Ward",404,52.78937244,27.551,0.01134,11340,18.97738931,12.91061762,
26,6_5,U-turn,6,5,10.875778,106.8051008,10.875638,106.804914,VNU-HCM Area A Dormitory - Creative Square Intersection (Inbound) - Creative Square - Linh Trung Ward,VNU-HCM Area A Dormitory - Creative Square Intersection (Outbound) - Creative Square - Linh Trung Ward,472,65,26.14153846,0,0,0,0,
27,6_25,Forward,6,25,10.875778,106.8051008,10.8736134,106.8029052,VNU-HCM Area A Dormitory - Creative Square Intersection (Inbound) - Creative Square - Linh Trung Ward,VNU-HCM Area A Bus Terminal - Creative Square,643,74.26133265,31.171,0.00378,3780,10.12697635,6.302184941,
28,7_9,Forward,7,9,10.8746507,106.8061372,10.8759027,106.8075572,"University of Science, VNU-HCM - Opposite CNG Station - Road 621",Area A Bus Terminal - No. 28-30 Nguyen Binh Khiem Street - Linh Trung Ward,233,43,19.50697674,0.00756,7560,28.45221548,10.1732162,
29,7_33,Forward,7,33,10.8746507,106.8061372,10.8713888,106.8066598,"University of Science, VNU-HCM - Opposite CNG Station - Road 621",People's Security University - Tien Thanh Factory - National Highway 1,527,73.60335196,25.776,0.0315,31500,58.86604542,40.03298855,
30,8_9,Forward,8,9,10.8743141,106.807054,10.8759027,106.8075572,VNU-HCM Ring Road - VNU-HCM Utility Pole 6 (Mua Bui Cafe) - Road 621 - Linh Trung Ward,Area A Bus Terminal - No. 28-30 Nguyen Binh Khiem Street - Linh Trung Ward,250,45,20,0.00567,5670,23.20339553,15.45165134,
31,8_7,U-turn,8,7,10.8743141,106.807054,10.8746507,106.8061372,VNU-HCM Ring Road - VNU-HCM Utility Pole 6 (Mua Bui Cafe) - Road 621 - Linh Trung Ward,"University of Science, VNU-HCM - Opposite CNG Station - Road 621",107,21,18.34285714,0,0,0,0,
32,8_6,Forward,8,6,10.8743141,106.807054,10.875778,106.8051008,VNU-HCM Ring Road - VNU-HCM Utility Pole 6 (Mua Bui Cafe) - Road 621 - Linh Trung Ward,VNU-HCM Area A Dormitory - Creative Square Intersection (Inbound) - Creative Square - Linh Trung Ward,291,27.57277465,37.994,0.01197,11970,35.77902628,18.10494481,
33,8_25,Forward,8,25,10.8743141,106.807054,10.8736134,106.8029052,VNU-HCM Ring Road - VNU-HCM Utility Pole 6 (Mua Bui Cafe) - Road 621 - Linh Trung Ward,VNU-HCM Area A Bus Terminal - Creative Square,591,80.78368835,26.337,0.0189,18900,53.18593386,13.41934035,
34,9_10,U-turn,9,10,10.8759027,106.8075572,10.8762014,106.807517,Area A Bus Terminal - No. 28-30 Nguyen Binh Khiem Street - Linh Trung Ward,Area A Bus Terminal - Opposite The Eastgate Apartment - Nguyen Binh Khiem Street - Linh Trung Ward,25,3,30,0,0,0,0,
35,9_16,Forward,9,16,10.8759027,106.8075572,10.8807,106.81078,Area A Bus Terminal - No. 28-30 Nguyen Binh Khiem Street - Linh Trung Ward,"AH4 Building, Area A Dormitory - No. 136-138 Nguyen Binh Khiem Street - Linh Trung Ward",637,70,32.76,0.01638,16380,84.90390081,10.63772622,
36,10_9,U-turn,10,9,10.8762014,106.807517,10.8759027,106.8075572,Area A Bus Terminal - Opposite The Eastgate Apartment - Nguyen Binh Khiem Street - Linh Trung Ward,Area A Bus Terminal - No. 28-30 Nguyen Binh Khiem Street - Linh Trung Ward,25,3,30,0,0,0,0,
37,10_7,Backward,10,7,10.8762014,106.807517,10.8746507,106.8061372,Area A Bus Terminal - Opposite The Eastgate Apartment - Nguyen Binh Khiem Street - Linh Trung Ward,"University of Science, VNU-HCM - Opposite CNG Station - Road 621",259,52,17.93076923,0.00756,7560,28.45221548,10.1732162,7_9
38,10_6,Backward,10,6,10.8762014,106.807517,10.875778,106.8051008,Area A Bus Terminal - Opposite The Eastgate Apartment - Nguyen Binh Khiem Street - Linh Trung Ward,VNU-HCM Area A Dormitory - Creative Square Intersection (Inbound) - Creative Square - Linh Trung Ward,439,51.67238843,30.585,0.00756,7560,28.45221548,10.1732162,7_9
39,10_33,Forward,10,33,10.8762014,106.807517,10.8713888,106.8066598,Area A Bus Terminal - Opposite The Eastgate Apartment - Nguyen Binh Khiem Street - Linh Trung Ward,People's Security University - Tien Thanh Factory - National Highway 1,650,141,16.59574468,0.01764,17640,47.60068957,13.06548817,
40,10_25,Forward,10,25,10.8762014,106.807517,10.8736134,106.8029052,Area A Bus Terminal - Opposite The Eastgate Apartment - Nguyen Binh Khiem Street - Linh Trung Ward,VNU-HCM Area A Bus Terminal - Creative Square,739,119.2255983,22.314,0.03465,34650,124.0792897,35.16764667,
41,11_12,U-turn,11,12,10.877729,106.805858,10.8778558,106.805685,VNU-HCM Area A Dormitory - Area A Dormitory (Stop CX 161-163) - Ta Quang Buu Street - Linh Trung Ward,VNU-HCM Area A Dormitory - Opposite Area A Dormitory (Stop CX 286) - Ta Quang Buu Street - Linh Trung Ward,133,88,5.440909091,0,0,0,0,
42,11_14,Forward,11,14,10.877729,106.805858,10.879921,106.80729,VNU-HCM Area A Dormitory - Area A Dormitory (Stop CX 161-163) - Ta Quang Buu Street - Linh Trung Ward,"Ho Chi Minh City University of Technology, VNU-HCM - Opposite University of Technology (Stop CX 101-103) - Ta Quang Buu Street - Linh Trung Ward",289,82,12.68780488,0.01827,18270,88.27777751,46.15126242,
43,12_11,U-turn,12,11,10.8778558,106.805685,10.877729,106.805858,VNU-HCM Area A Dormitory - Opposite Area A Dormitory (Stop CX 286) - Ta Quang Buu Street - Linh Trung Ward,VNU-HCM Area A Dormitory - Area A Dormitory (Stop CX 161-163) - Ta Quang Buu Street - Linh Trung Ward,138,66,7.527272727,0,0,0,0,
44,12_3,Forward,12,3,10.8778558,106.805685,10.8766326,106.8024914,VNU-HCM Area A Dormitory - Opposite Area A Dormitory (Stop CX 286) - Ta Quang Buu Street - Linh Trung Ward,"International University, VNU-HCM - Creative Square - Linh Trung Ward",474,78,21.87692308,0.01008,10080,20.23872756,11.60324635,
45,12_2,Forward,12,2,10.8778558,106.805685,10.8781307,106.8027517,VNU-HCM Area A Dormitory - Opposite Area A Dormitory (Stop CX 286) - Ta Quang Buu Street - Linh Trung Ward,"International University, VNU-HCM - Le Quy Don Intersection - Thomas Edison Street (Opposite International University) - Le Quy Don Street - Linh Trung Ward",561,104.2266605,19.377,0.00756,7560,10.31128038,5.86224992,
46,12_5,Forward,12,5,10.8778558,106.805685,10.875638,106.804914,VNU-HCM Area A Dormitory - Opposite Area A Dormitory (Stop CX 286) - Ta Quang Buu Street - Linh Trung Ward,VNU-HCM Area A Dormitory - Creative Square Intersection (Outbound) - Creative Square - Linh Trung Ward,640,101,22.81188119,0.01008,10080,29.44002287,33.33586858,
47,12_25,Forward,12,25,10.8778558,106.805685,10.8736134,106.8029052,VNU-HCM Area A Dormitory - Opposite Area A Dormitory (Stop CX 286) - Ta Quang Buu Street - Linh Trung Ward,VNU-HCM Area A Bus Terminal - Creative Square,800,137.4176925,20.958,0.02079,20790,58.41299601,16.20361105,
48,13_14,U-turn,13,14,10.8801103,106.807183,10.879921,106.80729,"Ho Chi Minh City University of Technology, VNU-HCM - University of Technology (Stop CX 138-142) - Ta Quang Buu Street - Linh Trung Ward","Ho Chi Minh City University of Technology, VNU-HCM - Opposite University of Technology (Stop CX 101-103) - Ta Quang Buu Street - Linh Trung Ward",590,177,12,0,0,0,0,
49,13_12,Forward,13,12,10.8801103,106.807183,10.8778558,106.805685,"Ho Chi Minh City University of Technology, VNU-HCM - University of Technology (Stop CX 138-142) - Ta Quang Buu Street - Linh Trung Ward",VNU-HCM Area A Dormitory - Opposite Area A Dormitory (Stop CX 286) - Ta Quang Buu Street - Linh Trung Ward,298,69,15.54782609,0.00567,5670,22.85455003,6.566334307,
50,14_13,U-turn,14,13,10.879921,106.80729,10.8801103,106.807183,"Ho Chi Minh City University of Technology, VNU-HCM - Opposite University of Technology (Stop CX 101-103) - Ta Quang Buu Street - Linh Trung Ward","Ho Chi Minh City University of Technology, VNU-HCM - University of Technology (Stop CX 138-142) - Ta Quang Buu Street - Linh Trung Ward",711,1005,2.546865672,0,0,0,0,
51,14_15,Forward,14,15,10.879921,106.80729,10.880791,106.810634,"Ho Chi Minh City University of Technology, VNU-HCM - Opposite University of Technology (Stop CX 101-103) - Ta Quang Buu Street - Linh Trung Ward","AH4 Building, Area A Dormitory - Opposite No. 136-138 Nguyen Binh Khiem Street - Linh Trung Ward",682,111,22.11891892,0.00504,5040,21.01040193,8.078473907,
52,14_41,Forward,14,41,10.879921,106.80729,10.8873942,106.8047072,"Ho Chi Minh City University of Technology, VNU-HCM - Opposite University of Technology (Stop CX 101-103) - Ta Quang Buu Street - Linh Trung Ward",National Defense and Security Education Center (Nguyen Du Gate) - Opposite Rear Gate - Nguyen Du Street - Binh Chieu Ward,1221,173,25.40809249,0.00315,3150,2.635614775,0.799392033,
53,14_1,Forward,14,1,10.879921,106.80729,10.8771068,106.8028618,"Ho Chi Minh City University of Technology, VNU-HCM - Opposite University of Technology (Stop CX 101-103) - Ta Quang Buu Street - Linh Trung Ward","International University, VNU-HCM",1687,335.6286267,18.095,0.01386,13860,31.34684357,6.834064185,
54,14_35,Forward,14,35,10.879921,106.80729,10.8809737,106.8142454,"Ho Chi Minh City University of Technology, VNU-HCM - Opposite University of Technology (Stop CX 101-103) - Ta Quang Buu Street - Linh Trung Ward",Opposite New Eastern Bus Station,1496,140.8220897,38.244,0.00945,9450,37.38576048,5.473254645,
55,14_42,Forward,14,42,10.879921,106.80729,10.883092,106.8,"Ho Chi Minh City University of Technology, VNU-HCM - Opposite University of Technology (Stop CX 101-103) - Ta Quang Buu Street - Linh Trung Ward",Ho Da Lake - Le Quy Don Intersection - Nguyen Du Street (Residential Block 497-499) - Linh Trung Ward,1597,211,27.24739336,0.05859,58590,25.32588211,23.98122962,
56,14_43,Forward,14,43,10.879921,106.80729,10.8850557,106.8000822,"Ho Chi Minh City University of Technology, VNU-HCM - Opposite University of Technology (Stop CX 101-103) - Ta Quang Buu Street - Linh Trung Ward",National Defense and Security Education Center,1731,233,26.74506438,0.04599,45990,14.56533881,13.08032256,
57,14_79,Forward,14,79,10.879921,106.80729,10.8892959,106.8055626,"Ho Chi Minh City University of Technology, VNU-HCM - Opposite University of Technology (Stop CX 101-103) - Ta Quang Buu Street - Linh Trung Ward",Dong An Driving Training Center - Near 300 Thong Nhat Street - Dong An Driving Training Center Gate,1984,277,25.78483755,0.059,59000,23.76443646,20.97952099,
58,14_40,Forward,14,40,10.879921,106.80729,10.8876326,106.8046342,"Ho Chi Minh City University of Technology, VNU-HCM - Opposite University of Technology (Stop CX 101-103) - Ta Quang Buu Street - Linh Trung Ward",Ho Da Park - Dong Hoa,2140,329,23.41641337,0.02016,20160,5.242031954,5.413231897,
59,15_10,Forward,15,10,10.880791,106.810634,10.8762014,106.807517,"AH4 Building, Area A Dormitory - Opposite No. 136-138 Nguyen Binh Khiem Street - Linh Trung Ward",Area A Bus Terminal - Opposite The Eastgate Apartment - Nguyen Binh Khiem Street - Linh Trung Ward,611,68,32.34705882,0.04536,45360,240.4640105,43.86654056,
60,15_33,Forward,15,33,10.880791,106.810634,10.8713888,106.8066598,"AH4 Building, Area A Dormitory - Opposite No. 136-138 Nguyen Binh Khiem Street - Linh Trung Ward",People's Security University - Tien Thanh Factory - National Highway 1,1260,266,17.05263158,0.04725,47250,202.9768403,17.80215688,
61,16_13,Backward,16,13,10.8807,106.81078,10.8801103,106.807183,"AH4 Building, Area A Dormitory - No. 136-138 Nguyen Binh Khiem Street - Linh Trung Ward","Ho Chi Minh City University of Technology, VNU-HCM - University of Technology (Stop CX 138-142) - Ta Quang Buu Street - Linh Trung Ward",704,103,24.60582524,0.00504,5040,21.01040193,8.078473907,14_15
62,16_35,Forward,16,35,10.8807,106.81078,10.8809737,106.8142454,"AH4 Building, Area A Dormitory - No. 136-138 Nguyen Binh Khiem Street - Linh Trung Ward",Opposite New Eastern Bus Station,944,188.7580538,18.004,0.00315,3150,10.94289509,2.694392877,
63,16_41,Forward,16,41,10.8807,106.81078,10.8873942,106.8047072,"AH4 Building, Area A Dormitory - No. 136-138 Nguyen Binh Khiem Street - Linh Trung Ward",National Defense and Security Education Center (Nguyen Du Gate) - Opposite Rear Gate - Nguyen Du Street - Binh Chieu Ward,1215,171,25.57894737,0.0315,31500,19.46602915,12.96575418,
64,16_79,Forward,16,79,10.8807,106.81078,10.8892959,106.8055626,"AH4 Building, Area A Dormitory - No. 136-138 Nguyen Binh Khiem Street - Linh Trung Ward",Dong An Driving Training Center - Near 300 Thong Nhat Street - Dong An Driving Training Center Gate,1434,179,28.84022346,0.06673,66730,40.51092099,16.95037036,
65,16_40,Forward,16,40,10.8807,106.81078,10.8876326,106.8046342,"AH4 Building, Area A Dormitory - No. 136-138 Nguyen Binh Khiem Street - Linh Trung Ward",Ho Da Park - Dong Hoa,1591,230,24.9026087,0.0252,25200,12.9519855,8.59308509,
66,16_42,Forward,16,42,10.8807,106.81078,10.883092,106.8,"AH4 Building, Area A Dormitory - No. 136-138 Nguyen Binh Khiem Street - Linh Trung Ward",Ho Da Lake - Le Quy Don Intersection - Nguyen Du Street (Residential Block 497-499) - Linh Trung Ward,1590,209,27.38755981,0.04914,49140,86.07971905,20.62275207,
67,16_1,Forward,16,1,10.8807,106.81078,10.8771068,106.8028618,"AH4 Building, Area A Dormitory - No. 136-138 Nguyen Binh Khiem Street - Linh Trung Ward","International University, VNU-HCM",1665,178.7279721,33.537,0.03528,35280,143.1701606,34.8800932,
68,16_43,Forward,16,43,10.8807,106.81078,10.8850557,106.8000822,"AH4 Building, Area A Dormitory - No. 136-138 Nguyen Binh Khiem Street - Linh Trung Ward",National Defense and Security Education Center,1725,230,27,0.04914,49140,39.92065089,10.96450242,
69,17_11,Forward,17,11,10.8765308,106.805115,10.877729,106.805858,Bus Stop 33,VNU-HCM Area A Dormitory - Area A Dormitory (Stop CX 161-163) - Ta Quang Buu Street - Linh Trung Ward,165,33,18,0.01386,13860,51.51558327,54.37205328,
70,18_65,Forward,18,65,10.8743785,106.7999792,10.8809022,106.7955379,Student Cultural House - Opposite Student Cultural House - Creative Square - Linh Trung Ward,VNU-HCM Guest House - Opposite VNU-HCM Guest House (Stop CX 353-355) - Nguyen Du Street - Linh Trung Ward,1155,150,27.72,0.27342,273420,876.9626653,197.5209297,
71,18_4,Backward,18,4,10.8743785,106.7999792,10.8764075,106.8024855,Student Cultural House - Opposite Student Cultural House - Creative Square - Linh Trung Ward,"International University, VNU-HCM - Opposite International University - Creative Square - Linh Trung Ward",472,77,22.06753247,0.00693,6930,32.43000763,7.984766361,3_18
72,18_24,Forward,18,24,10.8743785,106.7999792,10.8734223,106.802275,Student Cultural House - Opposite Student Cultural House - Creative Square - Linh Trung Ward,"University of Social Sciences and Humanities, VNU-HCM - Creative Square - Linh Trung Ward",268,37,26.07567568,0.00945,9450,54.43700902,17.18073396,
73,18_20,Forward,18,20,10.8743785,106.7999792,10.8716853,106.7981465,Student Cultural House - Opposite Student Cultural House - Creative Square - Linh Trung Ward,Fishing Lake - Opposite 6/21 Alexandre de Rhodes Street,650,123,19.02439024,0.09261,92610,521.243677,134.0058899,
74,19_4,Forward,19,4,10.874543,106.8001747,10.8764075,106.8024855,Student Cultural House - Creative Square - Linh Trung Ward,"International University, VNU-HCM - Opposite International University - Creative Square - Linh Trung Ward",470,77,21.97402597,0.00378,3780,19.85167206,5.717266196,
75,19_65,Forward,19,65,10.874543,106.8001747,10.8809022,106.7955379,Student Cultural House - Creative Square - Linh Trung Ward,VNU-HCM Guest House - Opposite VNU-HCM Guest House (Stop CX 353-355) - Nguyen Du Street - Linh Trung Ward,1153,149,27.85771812,0.06615,66150,228.8227373,44.046169,
76,20_21,U-turn,20,21,10.8716853,106.7981465,10.8710814,106.797648,Fishing Lake - Opposite 6/21 Alexandre de Rhodes Street,Fishing Lake - In Front of House No. 21/6 (Utility Pole 167) - Alexandre de Rhodes Street - Linh Trung Ward,84,13,23.26153846,0,0,0,0,
77,20_24,Forward,20,24,10.8716853,106.7981465,10.8734223,106.802275,Fishing Lake - Opposite 6/21 Alexandre de Rhodes Street,"University of Social Sciences and Humanities, VNU-HCM - Creative Square - Linh Trung Ward",537,109,17.73577982,0.08001,80010,557.4263694,73.80819997,
78,20_19,Forward,20,19,10.8716853,106.7981465,10.874543,106.8001747,Fishing Lake - Opposite 6/21 Alexandre de Rhodes Street,Student Cultural House - Creative Square - Linh Trung Ward,648,109,21.40183486,0.00504,5040,29.55787864,6.492702801,
79,20_4,Forward,20,4,10.8716853,106.7981465,10.8764075,106.8024855,Fishing Lake - Opposite 6/21 Alexandre de Rhodes Street,"International University, VNU-HCM - Opposite International University - Creative Square - Linh Trung Ward",906,153,21.31764706,0.03717,37170,204.7184988,22.36336374,
80,21_22,Forward,21,22,10.8710814,106.797648,10.8705742,106.795856,Fishing Lake - In Front of House No. 21/6 (Utility Pole 167) - Alexandre de Rhodes Street - Linh Trung Ward,University of Physical Education and Sports - Vo Truong Toan Street - Linh Trung Ward,222,35,22.83428571,0.29988,299880,1547.341477,264.2080266,
81,21_20,U-turn,21,20,10.8710814,106.797648,10.8716853,106.7981465,Fishing Lake - In Front of House No. 21/6 (Utility Pole 167) - Alexandre de Rhodes Street - Linh Trung Ward,Fishing Lake - Opposite 6/21 Alexandre de Rhodes Street,368,88,15.05454545,0,0,0,0,
82,22_28,Forward,22,28,10.8705742,106.795856,10.8667878,106.7945856,University of Physical Education and Sports - Vo Truong Toan Street - Linh Trung Ward,VNU-HCM Information Technology Park - Vo Truong Toan Street,484,55.91425454,31.162,0.1386,138600,584.6750323,171.3302975,
83,23_20,Backward,23,20,10.870383,106.7958583,10.8716853,106.7981465,VNU-HCM Central Library - Rear Gate of VNU-HCM Central Library - Vo Truong Toan Street - Linh Trung Ward,Fishing Lake - Opposite 6/21 Alexandre de Rhodes Street,356,34.62847879,37.01,0.29988,299880,1547.341477,264.2080266,21_22
84,24_19,Forward,24,19,10.8734223,106.802275,10.874543,106.8001747,"University of Social Sciences and Humanities, VNU-HCM - Creative Square - Linh Trung Ward",Student Cultural House - Creative Square - Linh Trung Ward,270,40,24.3,0.01323,13230,74.17962018,29.58673396,
85,24_6,Backward,24,6,10.8734223,106.802275,10.875778,106.8051008,"University of Social Sciences and Humanities, VNU-HCM - Creative Square - Linh Trung Ward",VNU-HCM Area A Dormitory - Creative Square Intersection (Inbound) - Creative Square - Linh Trung Ward,529,80.72570048,23.591,0.00504,5040,15.36326314,5.621898825,5_25
86,24_7,Backward,24,7,10.8734223,106.802275,10.8746507,106.8061372,"University of Social Sciences and Humanities, VNU-HCM - Creative Square - Linh Trung Ward","University of Science, VNU-HCM - Opposite CNG Station - Road 621",536,60.16275372,32.073,0.00504,5040,15.36326314,5.621898825,5_25
87,24_26,Forward,24,26,10.8734223,106.802275,10.8702028,106.8017771,"University of Social Sciences and Humanities, VNU-HCM - Creative Square - Linh Trung Ward","University of Information Technology, VNU-HCM - Han Thuyen Street",895,236,13.65254237,0.09324,93240,637.078288,107.4367116,
88,24_25,U-turn,24,25,10.8734223,106.802275,10.8736134,106.8029052,"University of Social Sciences and Humanities, VNU-HCM - Creative Square - Linh Trung Ward",VNU-HCM Area A Bus Terminal - Creative Square,68,9,27.2,0,0,0,0,
89,25_24,U-turn,25,24,10.8736134,106.8029052,10.8734223,106.802275,VNU-HCM Area A Bus Terminal - Creative Square,"University of Social Sciences and Humanities, VNU-HCM - Creative Square - Linh Trung Ward",68,11,22.25454545,0,0,0,0,
90,25_19,Backward,25,19,10.8736134,106.8029052,10.874543,106.8001747,VNU-HCM Area A Bus Terminal - Creative Square,Student Cultural House - Creative Square - Linh Trung Ward,331,45.14491381,26.395,0.01323,13230,74.17962018,29.58673396,24_19
91,25_4,Backward,25,4,10.8736134,106.8029052,10.8764075,106.8024855,VNU-HCM Area A Bus Terminal - Creative Square,"International University, VNU-HCM - Opposite International University - Creative Square - Linh Trung Ward",573,95.85501859,21.52,0.01827,18270,80.03622378,29.31203016,4_25
92,25_26,Forward,25,26,10.8736134,106.8029052,10.8702028,106.8017771,VNU-HCM Area A Bus Terminal - Creative Square,"University of Information Technology, VNU-HCM - Han Thuyen Street",972,122.8177319,28.491,0.01512,15120,80.75844365,12.14548625,
93,26_6,Forward,26,6,10.8702028,106.8017771,10.875778,106.8051008,"University of Information Technology, VNU-HCM - Han Thuyen Street",VNU-HCM Area A Dormitory - Creative Square Intersection (Inbound) - Creative Square - Linh Trung Ward,870,128.1767956,24.435,0.02772,27720,101.8540838,13.38761793,
94,26_7,Forward,26,7,10.8702028,106.8017771,10.8746507,106.8061372,"University of Information Technology, VNU-HCM - Han Thuyen Street","University of Science, VNU-HCM - Opposite CNG Station - Road 621",877,96.90905184,32.579,0.09765,97650,305.9597718,55.3320325,
95,26_25,Backward,26,25,10.8702028,106.8017771,10.8736134,106.8029052,"University of Information Technology, VNU-HCM - Han Thuyen Street",VNU-HCM Area A Bus Terminal - Creative Square,407,91,16.1010989,0.01512,15120,80.75844365,12.14548625,25_26
96,27_28,U-turn,27,28,10.8677212,106.7950793,10.8667878,106.7945856,VNU-HCM Central Library - Vo Truong Toan Street - Linh Trung Ward,VNU-HCM Information Technology Park - Vo Truong Toan Street,116,22,18.98181818,0,0,0,0,
97,27_23,Forward,27,23,10.8677212,106.7950793,10.870383,106.7958583,VNU-HCM Central Library - Vo Truong Toan Street - Linh Trung Ward,VNU-HCM Central Library - Rear Gate of VNU-HCM Central Library - Vo Truong Toan Street - Linh Trung Ward,361,51,25.48235294,0.0378,37800,171.4151218,68.06422808,
98,28_27,U-turn,28,27,10.8667878,106.7945856,10.8677212,106.7950793,VNU-HCM Information Technology Park - Vo Truong Toan Street,VNU-HCM Central Library - Vo Truong Toan Street - Linh Trung Ward,116,14,29.82857143,0,0,0,0,
99,28_30,Forward,28,30,10.8667878,106.7945856,10.8654768,106.7937506,VNU-HCM Information Technology Park - Vo Truong Toan Street,Thao Nguyen - 35B National Highway 1 - Linh Trung Ward,253,49,18.5877551,0.05031,50310,87.09078311,145.0043384,
100,28_29,Forward,28,29,10.8667878,106.7945856,10.8669175,106.7911828,VNU-HCM Information Technology Park - Vo Truong Toan Street,Nong Lam University - No. 85 (Opposite No. 1026-1028) - National Highway 1 - Linh Trung Ward,449,89,18.16179775,0.09135,91350,425.7839323,138.9316464,
101,29_54,Forward,29,54,10.8669175,106.7911828,10.867911,106.7878803,Nong Lam University - No. 85 (Opposite No. 1026-1028) - National Highway 1 - Linh Trung Ward,Nong Lam University,398,78,18.36923077,0.11151,111510,645.8005786,200.5621542,
102,29_55,Forward,29,55,10.8669175,106.7911828,10.8673619,106.7872195,Nong Lam University - No. 85 (Opposite No. 1026-1028) - National Highway 1 - Linh Trung Ward,Nong Lam University - Next to No. 21 National Highway 1,438,105,15.01714286,0.03259,32590,155.618046,27.58934169,
103,30_29,Forward,30,29,10.8654768,106.7937506,10.8669175,106.7911828,Thao Nguyen - 35B National Highway 1 - Linh Trung Ward,Nong Lam University - No. 85 (Opposite No. 1026-1028) - National Highway 1 - Linh Trung Ward,328,46,25.66956522,0.0718,71800,172.8998016,84.60608315,
104,30_28,Backward,30,28,10.8654768,106.7937506,10.8667878,106.7945856,Thao Nguyen - 35B National Highway 1 - Linh Trung Ward,VNU-HCM Information Technology Park - Vo Truong Toan Street,417,72,20.85,0.05031,50310,87.09078311,145.0043384,28_30
105,31_30,Forward,31,30,10.8662161,106.8005276,10.8654768,106.7937506,VNU-HCM Metro Station - Opposite VNU-HCM Metro Station - Left Frontage Road of Hanoi Highway - Linh Trung Ward,Thao Nguyen - 35B National Highway 1 - Linh Trung Ward,874,121,26.00330579,0.39098,390980,704.4711025,136.0788251,
106,31_27,Forward,31,27,10.8662161,106.8005276,10.8677212,106.7950793,VNU-HCM Metro Station - Opposite VNU-HCM Metro Station - Left Frontage Road of Hanoi Highway - Linh Trung Ward,VNU-HCM Central Library - Vo Truong Toan Street - Linh Trung Ward,1139,311,13.18456592,0.14301,143010,598.8676706,104.9437839,
107,32_31,Forward,32,31,10.8685979,106.8041216,10.8662161,106.8005276,National Defense Education Institution,VNU-HCM Metro Station - Opposite VNU-HCM Metro Station - Left Frontage Road of Hanoi Highway - Linh Trung Ward,475,55,31.09090909,0.09513,95130,368.4882646,84.4969524,
108,33_32,Forward,33,32,10.8713888,106.8066598,10.8685979,106.8041216,People's Security University - Tien Thanh Factory - National Highway 1,National Defense Education Institution,416,50,29.952,0.06552,65520,96.8287533,75.1784437,
109,33_81,Forward,33,81,10.8713888,106.8066598,10.8735531,106.8094979,People's Security University - Tien Thanh Factory - National Highway 1,Ho Chi Minh City Martyrs' Cemetery - National Highway 1 - Tan Phu Ward,545,99,19.81818182,0.02757,27570,80.60280478,70.6239915,
110,34_10,Forward,34,10,10.8792015,106.8129488,10.8762014,106.807517,Duc Khai Joint Stock Company - National Highway 1,Area A Bus Terminal - Opposite The Eastgate Apartment - Nguyen Binh Khiem Street - Linh Trung Ward,1211,207,21.06086957,0.01898,18980,96.82024507,12.07717516,
111,34_8,Forward,34,8,10.8792015,106.8129488,10.8743141,106.807054,Duc Khai Joint Stock Company - National Highway 1,VNU-HCM Ring Road - VNU-HCM Utility Pole 6 (Mua Bui Cafe) - Road 621 - Linh Trung Ward,999,162,22.2,0.03339,33390,169.7765599,18.22058104,
112,34_33,Forward,34,33,10.8792015,106.8129488,10.8713888,106.8066598,Duc Khai Joint Stock Company - National Highway 1,People's Security University - Tien Thanh Factory - National Highway 1,1117,159,25.29056604,0.1676,167600,749.1495865,76.40235455,
113,35_34,Forward,35,34,10.8809737,106.8142454,10.8792015,106.8129488,Opposite New Eastern Bus Station,Duc Khai Joint Stock Company - National Highway 1,242,26,33.50769231,0.04406,44060,110.0968753,79.26332166,
114,35_15,Forward,35,15,10.8809737,106.8142454,10.880791,106.810634,Opposite New Eastern Bus Station,"AH4 Building, Area A Dormitory - Opposite No. 136-138 Nguyen Binh Khiem Street - Linh Trung Ward",548,95,20.76631579,0.01008,10080,29.89768221,10.34598881,
115,35_13,Forward,35,13,10.8809737,106.8142454,10.8801103,106.807183,Opposite New Eastern Bus Station,"Ho Chi Minh City University of Technology, VNU-HCM - University of Technology (Stop CX 138-142) - Ta Quang Buu Street - Linh Trung Ward",1095,176,22.39772727,0.01197,11970,47.59666205,14.55427688,
116,35_10,Forward,35,10,10.8809737,106.8142454,10.8762014,106.807517,Opposite New Eastern Bus Station,Area A Bus Terminal - Opposite The Eastgate Apartment - Nguyen Binh Khiem Street - Linh Trung Ward,1295,270,17.26666667,0.04095,40950,184.4701612,20.53814732,
117,35_8,Forward,35,8,10.8809737,106.8142454,10.8743141,106.807054,Opposite New Eastern Bus Station,VNU-HCM Ring Road - VNU-HCM Utility Pole 6 (Mua Bui Cafe) - Road 621 - Linh Trung Ward,1232,272,16.30588235,0.03024,30240,139.9949979,10.97255704,
118,35_41,Forward,35,41,10.8809737,106.8142454,10.8873942,106.8047072,Opposite New Eastern Bus Station,National Defense and Security Education Center (Nguyen Du Gate) - Opposite Rear Gate - Nguyen Du Street - Binh Chieu Ward,1606,244,23.69508197,0.07938,79380,65.00864004,22.73162781,
119,35_79,Backward,35,79,10.8809737,106.8142454,10.8892959,106.8055626,Opposite New Eastern Bus Station,Dong An Driving Training Center - Near 300 Thong Nhat Street - Dong An Driving Training Center Gate,1679,235,25.72085106,0.27656,276560,91.97653865,72.87753476,78_35
120,35_42,Forward,35,42,10.8809737,106.8142454,10.883092,106.8,Opposite New Eastern Bus Station,Ho Da Lake - Le Quy Don Intersection - Nguyen Du Street (Residential Block 497-499) - Linh Trung Ward,1982,282,25.30212766,0.05544,55440,75.3030741,12.7073211,
121,35_43,Forward,35,43,10.8809737,106.8142454,10.8850557,106.8000822,Opposite New Eastern Bus Station,National Defense and Security Education Center,2116,304,25.05789474,0.09072,90720,86.01371222,19.79226896,
122,36_37,U-turn,36,37,10.8911157,106.8017043,10.891579,106.80068,Opposite Binh Nguyen Residential Area Gateway - Thong Nhat Street - Thu Duc City,Near Binh Nguyen Residential Area Gateway - Thong Nhat Street - Binh Chieu Ward,120,14,30.85714286,0,0,0,0,
123,36_78,Forward,36,78,10.8911157,106.8017043,10.889413,106.8052248,Opposite Binh Nguyen Residential Area Gateway - Thong Nhat Street - Thu Duc City,300 VNU-HCM Ring Road - Quarter,509,71,25.8084507,0.11568,115680,3.054087397,82.68355102,
124,37_36,U-turn,37,36,10.891579,106.80068,10.8911157,106.8017043,Near Binh Nguyen Residential Area Gateway - Thong Nhat Street - Binh Chieu Ward,Opposite Binh Nguyen Residential Area Gateway - Thong Nhat Street - Thu Duc City,120,13,33.23076923,0,0,0,0,
125,37_45,Forward,37,45,10.891579,106.80068,10.8886838,106.7988382,Near Binh Nguyen Residential Area Gateway - Thong Nhat Street - Binh Chieu Ward,National Defense and Security Education Center,617,88,25.24090909,0.07723,77230,24.1241179,58.85535685,
126,37_39,Forward,37,39,10.891579,106.80068,10.8938656,106.7926424,Near Binh Nguyen Residential Area Gateway - Thong Nhat Street - Binh Chieu Ward,Bcons Plaza,922,113,29.37345133,0.01642,16420,55.47378,5.513916708,
127,38_39,U-turn,38,39,10.8938184,106.7920074,10.8938656,106.7926424,Bcons Plaza,Bcons Plaza,65,11,21.27272727,0,0,0,0,
128,38_45,Forward,38,45,10.8938184,106.7920074,10.8886838,106.7988382,Bcons Plaza,National Defense and Security Education Center,1103,104.6076029,37.959,0.29178,291780,797.7701872,105.6019422,
129,38_36,Forward,38,36,10.8938184,106.7920074,10.8911157,106.8017043,Bcons Plaza,Opposite Binh Nguyen Residential Area Gateway - Thong Nhat Street - Thu Duc City,1110,196.4022412,20.346,0.09834,98340,233.5312853,35.18008391,
130,39_38,U-turn,39,38,10.8938656,106.7926424,10.8938184,106.7920074,Bcons Plaza,Bcons Plaza,65,13,18,0,0,0,0,
131,39_49,Forward,39,49,10.8938656,106.7926424,10.8816676,106.7823447,Bcons Plaza,VNU-HCM Area B Dormitory - Outbound Direction - Main Axis Road No. 7 - Linh Trung Ward,2565,344.2054646,26.827,0.0497,49700,387.6225904,9.45747451,
132,39_48,Forward,39,48,10.8938656,106.7926424,10.8817308,106.7831044,Bcons Plaza,VNU-HCM Area B Dormitory - Inbound Direction - Main Axis Road No. 7 - Linh Trung Ward,2311,432,19.25833333,0.21231,212310,1565.080364,62.43821139,
133,39_47,Forward,39,47,10.8938656,106.7926424,10.8797271,106.7873868,Bcons Plaza,Institute for Environment and Resources - Main Axis Road No. 7,1975,379,18.75989446,0.61236,612360,2054.920178,95.12538587,
134,40_41,U-turn,40,41,10.8876326,106.8046342,10.8873942,106.8047072,Ho Da Park - Dong Hoa,National Defense and Security Education Center (Nguyen Du Gate) - Opposite Rear Gate - Nguyen Du Street - Binh Chieu Ward,408,970,1.514226804,0,0,0,0,
135,40_42,Forward,40,42,10.8876326,106.8046342,10.883092,106.8,Ho Da Park - Dong Hoa,Ho Da Lake - Le Quy Don Intersection - Nguyen Du Street (Residential Block 497-499) - Linh Trung Ward,744,103,26.0038835,0.04347,43470,1.280099062,21.61082426,
136,40_43,Forward,40,43,10.8876326,106.8046342,10.8850557,106.8000822,Ho Da Park - Dong Hoa,National Defense and Security Education Center,878,124,25.49032258,0.11277,112770,2.333329765,79.72763866,
137,40_13,Forward,40,13,10.8876326,106.8046342,10.8801103,106.807183,Ho Da Park - Dong Hoa,"Ho Chi Minh City University of Technology, VNU-HCM - University of Technology (Stop CX 138-142) - Ta Quang Buu Street - Linh Trung Ward",1227,157,28.13503185,0.02646,26460,10.49146016,14.31160979,
138,40_15,Backward,40,15,10.8876326,106.8046342,10.880791,106.810634,Ho Da Park - Dong Hoa,"AH4 Building, Area A Dormitory - Opposite No. 136-138 Nguyen Binh Khiem Street - Linh Trung Ward",1240,160,27.9,0.0252,25200,12.9519855,8.59308509,16_40
139,40_1,Forward,40,1,10.8876326,106.8046342,10.8771068,106.8028618,Ho Da Park - Dong Hoa,"International University, VNU-HCM",1406,267.3709788,18.931,0.05796,57960,13.95343795,25.09580617,
140,41_79,Forward,41,79,10.8873942,106.8047072,10.8892959,106.8055626,National Defense and Security Education Center (Nguyen Du Gate) - Opposite Rear Gate - Nguyen Du Street - Binh Chieu Ward,Dong An Driving Training Center - Near 300 Thong Nhat Street - Dong An Driving Training Center Gate,243,61,14.34098361,0.0189,18900,0.37644239,35.37827342,
141,41_40,U-turn,41,40,10.8873942,106.8047072,10.8876326,106.8046342,National Defense and Security Education Center (Nguyen Du Gate) - Opposite Rear Gate - Nguyen Du Street - Binh Chieu Ward,Ho Da Park - Dong Hoa,127,61,7.495081967,0,0,0,0,
142,41_15,Backward,41,15,10.8873942,106.8047072,10.880791,106.810634,National Defense and Security Education Center (Nguyen Du Gate) - Opposite Rear Gate - Nguyen Du Street - Binh Chieu Ward,"AH4 Building, Area A Dormitory - Opposite No. 136-138 Nguyen Binh Khiem Street - Linh Trung Ward",1589,213,26.85633803,0.0252,25200,12.9519855,8.59308509,16_40
143,41_35,Backward,41,35,10.8873942,106.8047072,10.8809737,106.8142454,National Defense and Security Education Center (Nguyen Du Gate) - Opposite Rear Gate - Nguyen Du Street - Binh Chieu Ward,Opposite New Eastern Bus Station,1597,223.4000389,25.735,0.07938,79380,65.00864004,22.73162781,35_41
144,42_65,Forward,42,65,10.883092,106.8,10.8809022,106.7955379,Ho Da Lake - Le Quy Don Intersection - Nguyen Du Street (Residential Block 497-499) - Linh Trung Ward,VNU-HCM Guest House - Opposite VNU-HCM Guest House (Stop CX 353-355) - Nguyen Du Street - Linh Trung Ward,548,60,32.88,0.2079,207900,115.7132642,135.6111071,
145,42_1,Forward,42,1,10.883092,106.8,10.8771068,106.8028618,Ho Da Lake - Le Quy Don Intersection - Nguyen Du Street (Residential Block 497-499) - Linh Trung Ward,"International University, VNU-HCM",1357,171.2182812,28.532,0.01575,15750,10.06015634,8.577222846,
146,42_4,Forward,42,4,10.883092,106.8,10.8764075,106.8024855,Ho Da Lake - Le Quy Don Intersection - Nguyen Du Street (Residential Block 497-499) - Linh Trung Ward,"International University, VNU-HCM - Opposite International University - Creative Square - Linh Trung Ward",1399,168,29.97857143,0.08379,83790,63.30928384,51.86949876,
147,44_45,Forward,44,45,10.8870881,106.799471,10.8886838,106.7988382,National Defense and Security Education Center - 60 m from Center Gate - Le Quy Don Street,National Defense and Security Education Center,188,23,29.42608696,0.04473,44730,4.815671431,62.25660115,
148,44_36,Backward,44,36,10.8870881,106.799471,10.8911157,106.8017043,National Defense and Security Education Center - 60 m from Center Gate - Le Quy Don Street,Opposite Binh Nguyen Residential Area Gateway - Thong Nhat Street - Thu Duc City,928,142.3434171,23.47,0.07723,77230,24.1241179,58.85535685,37_45
149,44_39,Backward,44,39,10.8870881,106.799471,10.8938656,106.7926424,National Defense and Security Education Center - 60 m from Center Gate - Le Quy Don Street,Bcons Plaza,1233,222.039918,19.991,0.29178,291780,797.7701872,105.6019422,38_45
150,45_42,Forward,45,42,10.8886838,106.7988382,10.883092,106.8,National Defense and Security Education Center,Ho Da Lake - Le Quy Don Intersection - Nguyen Du Street (Residential Block 497-499) - Linh Trung Ward,700,120.8807023,20.847,0.19719,197190,28.93703557,187.3443588,
151,45_43,U-turn,45,43,10.8886838,106.7988382,10.8850557,106.8000822,National Defense and Security Education Center,National Defense and Security Education Center,1376,157.7579618,31.4,0,0,0,0,
152,45_41,Backward,45,41,10.8886838,106.7988382,10.8873942,106.8047072,National Defense and Security Education Center,National Defense and Security Education Center (Nguyen Du Gate) - Opposite Rear Gate - Nguyen Du Street - Binh Chieu Ward,1307,124.8792399,37.678,0.11277,112770,2.333329765,79.72763866,40_43
153,45_1,Backward,45,1,10.8886838,106.7988382,10.8771068,106.8028618,National Defense and Security Education Center,"International University, VNU-HCM",1360,170.6934421,28.683,0.04662,46620,14.38171756,22.28499343,2_43
154,45_13,Backward,45,13,10.8886838,106.7988382,10.8801103,106.807183,National Defense and Security Education Center,"Ho Chi Minh City University of Technology, VNU-HCM - University of Technology (Stop CX 138-142) - Ta Quang Buu Street - Linh Trung Ward",2134,279.6549088,27.471,0.04347,43470,1.280099062,21.61082426,40_42
155,45_15,Backward,45,15,10.8886838,106.7988382,10.880791,106.810634,National Defense and Security Education Center,"AH4 Building, Area A Dormitory - Opposite No. 136-138 Nguyen Binh Khiem Street - Linh Trung Ward",2140,200.3484774,38.453,0.02646,26460,10.49146016,14.31160979,40_13
156,46_47,U-turn,46,47,10.8799484,106.7873966,10.8797271,106.7873868,Institute for Environment and Resources - Opposite Institute - Main Axis Road No. 7 - Linh Trung Ward,Institute for Environment and Resources - Main Axis Road No. 7,601,99,21.85454545,0,0,0,0,
157,46_48,Forward,46,48,10.8799484,106.7873966,10.8817308,106.7831044,Institute for Environment and Resources - Opposite Institute - Main Axis Road No. 7 - Linh Trung Ward,VNU-HCM Area B Dormitory - Inbound Direction - Main Axis Road No. 7 - Linh Trung Ward,528,76,25.01052632,0.05985,59850,222.4208169,71.88920178,
158,46_60,Forward,46,60,10.8799484,106.7873966,10.8726381,106.7793856,Institute for Environment and Resources - Opposite Institute - Main Axis Road No. 7 - Linh Trung Ward,"University of Economics and Law, VNU-HCM - Opposite Gate 3 - Luong Van Can Street - Binh Chieu Ward",1561,148.290057,37.896,0.60921,609210,634.7196888,224.6217009,
159,46_82,Forward,46,82,10.8799484,106.7873966,10.885494,106.772271,Institute for Environment and Resources - Opposite Institute - Main Axis Road No. 7 - Linh Trung Ward,Tu Quang Pagoda - No. 231 National Highway 1K - Linh Xuan Ward,2989,289.7487681,37.137,0.08731,87310,297.8137444,45.19803144,
160,46_38,Backward,46,38,10.8799484,106.7873966,10.8938184,106.7920074,Institute for Environment and Resources - Opposite Institute - Main Axis Road No. 7 - Linh Trung Ward,Bcons Plaza,1983,366,19.50491803,0.61236,612360,2054.920178,95.12538587,39_47
161,47_64,Forward,47,64,10.8797271,106.7873868,10.880685,106.795521,Institute for Environment and Resources - Main Axis Road No. 7,VNU-HCM Guest House - VNU-HCM Guest House (Stop CX 264-266) - Nguyen Du Street - Linh Trung Ward,899,92,35.17826087,0.42462,424620,770.4120599,319.4230874,
162,48_49,U-turn,48,49,10.8817308,106.7831044,10.8816676,106.7823447,VNU-HCM Area B Dormitory - Inbound Direction - Main Axis Road No. 7 - Linh Trung Ward,VNU-HCM Area B Dormitory - Outbound Direction - Main Axis Road No. 7 - Linh Trung Ward,1581,323,17.62105263,0,0,0,0,
163,48_47,Backward,48,47,10.8817308,106.7831044,10.8797271,106.7873868,VNU-HCM Area B Dormitory - Inbound Direction - Main Axis Road No. 7 - Linh Trung Ward,Institute for Environment and Resources - Main Axis Road No. 7,664,125,19.1232,0.05985,59850,222.4208169,71.88920178,46_48
164,48_50,Forward,48,50,10.8817308,106.7831044,10.8831622,106.779234,VNU-HCM Area B Dormitory - Inbound Direction - Main Axis Road No. 7 - Linh Trung Ward,VNU-HCM Area B Dormitory - Rear Gate - Tieu Bieu Road No. 3 - Linh Trung Ward,632,101.0750777,22.51,0.08757,87570,737.8899757,162.8737217,
165,48_82,Forward,48,82,10.8817308,106.7831044,10.885494,106.772271,VNU-HCM Area B Dormitory - Inbound Direction - Main Axis Road No. 7 - Linh Trung Ward,Tu Quang Pagoda - No. 231 National Highway 1K - Linh Xuan Ward,2856,269.497523,38.151,0.03906,39060,247.4766184,20.21387671,
166,48_38,Backward,48,38,10.8817308,106.7831044,10.8938184,106.7920074,VNU-HCM Area B Dormitory - Inbound Direction - Main Axis Road No. 7 - Linh Trung Ward,Bcons Plaza,2227,480,16.7025,0.0497,49700,387.6225904,9.45747451,39_49
167,49_47,Backward,49,47,10.8816676,106.7823447,10.8797271,106.7873868,VNU-HCM Area B Dormitory - Outbound Direction - Main Axis Road No. 7 - Linh Trung Ward,Institute for Environment and Resources - Main Axis Road No. 7,628,94,24.05106383,0.05985,59850,222.4208169,71.88920178,46_48
168,49_60,Forward,49,60,10.8816676,106.7823447,10.8726381,106.7793856,VNU-HCM Area B Dormitory - Outbound Direction - Main Axis Road No. 7 - Linh Trung Ward,"University of Economics and Law, VNU-HCM - Opposite Gate 3 - Luong Van Can Street - Binh Chieu Ward",1290,272,17.07352941,0.25326,253260,1192.067027,84.11029469,
169,49_82,Forward,49,82,10.8816676,106.7823447,10.885494,106.772271,VNU-HCM Area B Dormitory - Outbound Direction - Main Axis Road No. 7 - Linh Trung Ward,Tu Quang Pagoda - No. 231 National Highway 1K - Linh Xuan Ward,2855,309.2615996,33.234,0.15246,152460,1141.220133,91.94706677,
170,49_38,Forward,49,38,10.8816676,106.7823447,10.8938184,106.7920074,VNU-HCM Area B Dormitory - Outbound Direction - Main Axis Road No. 7 - Linh Trung Ward,Bcons Plaza,2441,448,19.61517857,0.60962,609620,5496.718003,234.9855524,
171,50_51,U-turn,50,51,10.8831622,106.779234,10.8835068,106.778599,VNU-HCM Area B Dormitory - Rear Gate - Tieu Bieu Road No. 3 - Linh Trung Ward,VNU-HCM Area B Dormitory - Opposite Rear Gate - Tieu Bieu Road No. 3 - Linh Trung Ward,77,25,11.088,0,0,0,0,
172,51_50,U-turn,51,50,10.8835068,106.778599,10.8831622,106.779234,VNU-HCM Area B Dormitory - Opposite Rear Gate - Tieu Bieu Road No. 3 - Linh Trung Ward,VNU-HCM Area B Dormitory - Rear Gate - Tieu Bieu Road No. 3 - Linh Trung Ward,77,23,12.05217391,0,0,0,0,
173,51_49,Backward,51,49,10.8835068,106.778599,10.8816676,106.7823447,VNU-HCM Area B Dormitory - Opposite Rear Gate - Tieu Bieu Road No. 3 - Linh Trung Ward,VNU-HCM Area B Dormitory - Outbound Direction - Main Axis Road No. 7 - Linh Trung Ward,590,98.89649392,21.477,0.08731,87310,297.8137444,45.19803144,46_82
174,52_53,Forward,52,53,10.8678354,106.7821956,10.869224,106.7779536,Samsung Electronics Company - No. 34/38 (Next to No. 59/6) - National Highway 1,"University of Economics and Law, VNU-HCM - National Highway 1 - Linh Xuan Ward",489,121,14.54876033,0.07494,74940,174.3431431,43.99933492,
175,52_58,Forward,52,58,10.8678354,106.7821956,10.87373,106.7777662,Samsung Electronics Company - No. 34/38 (Next to No. 59/6) - National Highway 1,"University of Economics and Law, VNU-HCM (Gate 2) - 80 m from Gate 2 - Tran Dai Nghia Street - Linh Xuan Ward",1221,277,15.86859206,0.17325,173250,419.0473398,99.25414014,
176,53_57,Forward,53,57,10.869224,106.7779536,10.8699376,106.7757943,"University of Economics and Law, VNU-HCM - National Highway 1 - Linh Xuan Ward",Linh Xuan Logistics Center - National Highway 1 - Linh Xuan Ward,249,115,7.794782609,0.03716,37160,88.63957706,42.20681519,
177,54_56,U-turn,54,56,10.867911,106.7878803,10.8682438,106.7876705,Nong Lam University,Nong Lam University - Nong Lam University Bus Terminal - National Highway 1,107,76,5.068421053,0,0,0,0,
178,54_55,Forward,54,55,10.867911,106.7878803,10.8673619,106.7872195,Nong Lam University,Nong Lam University - Next to No. 21 National Highway 1,125,75,6,0.00189,1890,8.868465888,6.988685904,
179,55_52,Forward,55,52,10.8673619,106.7872195,10.8678354,106.7821956,Nong Lam University - Next to No. 21 National Highway 1,Samsung Electronics Company - No. 34/38 (Next to No. 59/6) - National Highway 1,554,116,17.19310345,0.18402,184020,552.0221439,140.0505719,
180,56_55,Forward,56,55,10.8682438,106.7876705,10.8673619,106.7872195,Nong Lam University - Nong Lam University Bus Terminal - National Highway 1,Nong Lam University - Next to No. 21 National Highway 1,168,26.33916906,22.962,0.20601,206010,849.5504491,333.1997268,
181,56_54,U-turn,56,54,10.8682438,106.7876705,10.867911,106.7878803,Nong Lam University - Nong Lam University Bus Terminal - National Highway 1,Nong Lam University,107,53,7.267924528,0,0,0,0,
182,56_91,Forward,56,91,10.8682438,106.7876705,10.8668594,106.7902717,Nong Lam University - Nong Lam University Bus Terminal - National Highway 1,Nong Lam University - No. 1026/2 (1030) - National Highway 1 - Linh Trung Ward,400,45.33862284,31.761,0.08553,85530,458.7048652,230.109162,
183,57_66,Forward,57,66,10.8699376,106.7757943,10.871398,106.77133,Linh Xuan Logistics Center - National Highway 1 - Linh Xuan Ward,City Cemetery - Utility Pole NG/1 - National Highway 1 - Linh Xuan Ward,514,121,15.29256198,0.06345,63450,241.4778166,38.54213978,
184,57_58,Forward,57,58,10.8699376,106.7757943,10.87373,106.7777662,Linh Xuan Logistics Center - National Highway 1 - Linh Xuan Ward,"University of Economics and Law, VNU-HCM (Gate 2) - 80 m from Gate 2 - Tran Dai Nghia Street - Linh Xuan Ward",567,105,19.44,0.03654,36540,173.5739535,24.01328885,
185,57_61,Forward,57,61,10.8699376,106.7757943,10.8723503,106.7798379,Linh Xuan Logistics Center - National Highway 1 - Linh Xuan Ward,65/16 National Highway 1A - Linh Xuan Ward,740,107.8498846,24.701,0.07182,71820,217.5150719,49.05421453,
186,57_69,Forward,57,69,10.8699376,106.7757943,10.877382,106.766628,Linh Xuan Logistics Center - National Highway 1 - Linh Xuan Ward,Linh Xuan Market - No. 74-76 National Highway 1K - Linh Xuan Ward,1439,268,19.32985075,0.13381,133810,1715.133991,42.93304547,
187,58_63,Forward,58,63,10.87373,106.7777662,10.8756225,106.7780348,"University of Economics and Law, VNU-HCM (Gate 2) - 80 m from Gate 2 - Tran Dai Nghia Street - Linh Xuan Ward",Bong Dau 2 Cemetery - No. 193 Road No. 8 - Linh Xuan Ward,232,39,21.41538462,0.00693,6930,54.91145398,12.92381507,
188,58_59,U-turn,58,59,10.87373,106.7777662,10.8739947,106.7776395,"University of Economics and Law, VNU-HCM (Gate 2) - 80 m from Gate 2 - Tran Dai Nghia Street - Linh Xuan Ward","University of Economics and Law, VNU-HCM (Gate 2) - Next to No. 47 Tran Dai Nghia Street - Linh Xuan Ward",16,2,28.8,0,0,0,0,
189,58_61,Forward,58,61,10.87373,106.7777662,10.8723503,106.7798379,"University of Economics and Law, VNU-HCM (Gate 2) - 80 m from Gate 2 - Tran Dai Nghia Street - Linh Xuan Ward",65/16 National Highway 1A - Linh Xuan Ward,424,82,18.61463415,0.00441,4410,24.63992251,6.714697209,
190,59_58,U-turn,59,58,10.8739947,106.7776395,10.87373,106.7777662,"University of Economics and Law, VNU-HCM (Gate 2) - Next to No. 47 Tran Dai Nghia Street - Linh Xuan Ward","University of Economics and Law, VNU-HCM (Gate 2) - 80 m from Gate 2 - Tran Dai Nghia Street - Linh Xuan Ward",16,2,28.8,0,0,0,0,
191,59_66,Forward,59,66,10.8739947,106.7776395,10.871398,106.77133,"University of Economics and Law, VNU-HCM (Gate 2) - Next to No. 47 Tran Dai Nghia Street - Linh Xuan Ward",City Cemetery - Utility Pole NG/1 - National Highway 1 - Linh Xuan Ward,955,163,21.09202454,0.07749,77490,614.3014569,43.53573119,
192,59_60,Forward,59,60,10.8739947,106.7776395,10.8726381,106.7793856,"University of Economics and Law, VNU-HCM (Gate 2) - Next to No. 47 Tran Dai Nghia Street - Linh Xuan Ward","University of Economics and Law, VNU-HCM - Opposite Gate 3 - Luong Van Can Street - Binh Chieu Ward",398,78,18.36923077,0.00126,1260,9.640974666,2.999202185,
193,59_61,Forward,59,61,10.8739947,106.7776395,10.8723503,106.7798379,"University of Economics and Law, VNU-HCM (Gate 2) - Next to No. 47 Tran Dai Nghia Street - Linh Xuan Ward",65/16 National Highway 1A - Linh Xuan Ward,408,80,18.36,0.0063,6300,37.17165692,14.80301255,
194,59_69,Forward,59,69,10.8739947,106.7776395,10.877382,106.766628,"University of Economics and Law, VNU-HCM (Gate 2) - Next to No. 47 Tran Dai Nghia Street - Linh Xuan Ward",Linh Xuan Market - No. 74-76 National Highway 1K - Linh Xuan Ward,1868,324.1023664,20.749,0.1575,157500,2155.535095,46.37912242,
195,60_58,Backward,60,58,10.8726381,106.7793856,10.87373,106.7777662,"University of Economics and Law, VNU-HCM - Opposite Gate 3 - Luong Van Can Street - Binh Chieu Ward","University of Economics and Law, VNU-HCM (Gate 2) - 80 m from Gate 2 - Tran Dai Nghia Street - Linh Xuan Ward",414,85,17.53411765,0.00126,1260,9.640974666,2.999202185,59_60
196,60_66,Forward,60,66,10.8726381,106.7793856,10.871398,106.77133,"University of Economics and Law, VNU-HCM - Opposite Gate 3 - Luong Van Can Street - Binh Chieu Ward",City Cemetery - Utility Pole NG/1 - National Highway 1 - Linh Xuan Ward,1205,211.8577847,20.476,0.06111,61110,334.7210859,23.67039738,
197,60_59,Backward,60,59,10.8726381,106.7793856,10.8739947,106.7776395,"University of Economics and Law, VNU-HCM - Opposite Gate 3 - Luong Van Can Street - Binh Chieu Ward","University of Economics and Law, VNU-HCM (Gate 2) - Next to No. 47 Tran Dai Nghia Street - Linh Xuan Ward",398,83,17.2626506,0.00126,1260,9.640974666,2.999202185,59_60
198,60_63,Forward,60,63,10.8726381,106.7793856,10.8756225,106.7780348,"University of Economics and Law, VNU-HCM - Opposite Gate 3 - Luong Van Can Street - Binh Chieu Ward",Bong Dau 2 Cemetery - No. 193 Road No. 8 - Linh Xuan Ward,359,68,19.00588235,0.01197,11970,82.13685331,13.61088009,
199,61_60,U-turn,61,60,10.8723503,106.7798379,10.8726381,106.7793856,65/16 National Highway 1A - Linh Xuan Ward,"University of Economics and Law, VNU-HCM - Opposite Gate 3 - Luong Van Can Street - Binh Chieu Ward",9,2,16.2,0,0,0,0,
200,61_48,Backward,61,48,10.8723503,106.7798379,10.8817308,106.7831044,65/16 National Highway 1A - Linh Xuan Ward,VNU-HCM Area B Dormitory - Inbound Direction - Main Axis Road No. 7 - Linh Trung Ward,1452,259.5560852,20.139,0.25326,253260,1192.067027,84.11029469,49_60
201,61_47,Backward,61,47,10.8723503,106.7798379,10.8797271,106.7873868,65/16 National Highway 1A - Linh Xuan Ward,Institute for Environment and Resources - Main Axis Road No. 7,1502,142.0144452,38.075,0.60921,609210,634.7196888,224.6217009,46_60
202,62_63,U-turn,62,63,10.8758721,106.7777661,10.8756225,106.7780348,Bong Dau 2 Cemetery - No. 234-236 Road No. 8 - Linh Xuan Ward,Bong Dau 2 Cemetery - No. 193 Road No. 8 - Linh Xuan Ward,39,8,17.55,0,0,0,0,
203,62_59,Forward,62,59,10.8758721,106.7777661,10.8739947,106.7776395,Bong Dau 2 Cemetery - No. 234-236 Road No. 8 - Linh Xuan Ward,"University of Economics and Law, VNU-HCM (Gate 2) - Next to No. 47 Tran Dai Nghia Street - Linh Xuan Ward",254,44,20.78181818,0.01512,15120,141.5085196,35.14729898,
204,63_75,Forward,63,75,10.8756225,106.7780348,10.8799244,106.7741556,Bong Dau 2 Cemetery - No. 193 Road No. 8 - Linh Xuan Ward,Dao Son Tay High School - No. 51-53 Road No. 8 - Linh Xuan Ward,887,269,11.87063197,0.05922,59220,866.0867959,47.93762248,
205,63_62,U-turn,63,62,10.8756225,106.7780348,10.8758721,106.7777661,Bong Dau 2 Cemetery - No. 193 Road No. 8 - Linh Xuan Ward,Bong Dau 2 Cemetery - No. 234-236 Road No. 8 - Linh Xuan Ward,39,7,20.05714286,0,0,0,0,
206,64_65,U-turn,64,65,10.880685,106.795521,10.8809022,106.7955379,VNU-HCM Guest House - VNU-HCM Guest House (Stop CX 264-266) - Nguyen Du Street - Linh Trung Ward,VNU-HCM Guest House - Opposite VNU-HCM Guest House (Stop CX 353-355) - Nguyen Du Street - Linh Trung Ward,248,939,0.950798722,0,0,0,0,
207,64_42,Backward,64,42,10.880685,106.795521,10.883092,106.8,VNU-HCM Guest House - VNU-HCM Guest House (Stop CX 264-266) - Nguyen Du Street - Linh Trung Ward,Ho Da Lake - Le Quy Don Intersection - Nguyen Du Street (Residential Block 497-499) - Linh Trung Ward,1666,1116,5.374193548,0.2079,207900,115.7132642,135.6111071,42_65
208,64_43,Backward,64,43,10.880685,106.795521,10.8850557,106.8000822,VNU-HCM Guest House - VNU-HCM Guest House (Stop CX 264-266) - Nguyen Du Street - Linh Trung Ward,National Defense and Security Education Center,852,120.6656438,25.419,0.2079,207900,115.7132642,135.6111071,42_65
209,64_1,Backward,64,1,10.880685,106.795521,10.8771068,106.8028618,VNU-HCM Guest House - VNU-HCM Guest House (Stop CX 264-266) - Nguyen Du Street - Linh Trung Ward,"International University, VNU-HCM",1039,119.2957836,31.354,0.13797,137970,226.306524,53.34370497,3_65
210,64_4,Backward,64,4,10.880685,106.795521,10.8764075,106.8024855,VNU-HCM Guest House - VNU-HCM Guest House (Stop CX 264-266) - Nguyen Du Street - Linh Trung Ward,"International University, VNU-HCM - Opposite International University - Creative Square - Linh Trung Ward",1051,140,27.02571429,0.13797,137970,226.306524,53.34370497,3_65
211,64_19,Backward,64,19,10.880685,106.795521,10.874543,106.8001747,VNU-HCM Guest House - VNU-HCM Guest House (Stop CX 264-266) - Nguyen Du Street - Linh Trung Ward,Student Cultural House - Creative Square - Linh Trung Ward,1139,169,24.26272189,0.27342,273420,876.9626653,197.5209297,18_65
212,64_18,Backward,64,18,10.880685,106.795521,10.8743785,106.7999792,VNU-HCM Guest House - VNU-HCM Guest House (Stop CX 264-266) - Nguyen Du Street - Linh Trung Ward,Student Cultural House - Opposite Student Cultural House - Creative Square - Linh Trung Ward,1141,169,24.30532544,0.27342,273420,876.9626653,197.5209297,18_65
213,64_41,Backward,64,41,10.880685,106.795521,10.8873942,106.8047072,VNU-HCM Guest House - VNU-HCM Guest House (Stop CX 264-266) - Nguyen Du Street - Linh Trung Ward,National Defense and Security Education Center (Nguyen Du Gate) - Opposite Rear Gate - Nguyen Du Street - Binh Chieu Ward,2167,307,25.41107492,0.19719,197190,28.93703557,187.3443588,45_42
214,64_13,Backward,64,13,10.880685,106.795521,10.8801103,106.807183,VNU-HCM Guest House - VNU-HCM Guest House (Stop CX 264-266) - Nguyen Du Street - Linh Trung Ward,"Ho Chi Minh City University of Technology, VNU-HCM - University of Technology (Stop CX 138-142) - Ta Quang Buu Street - Linh Trung Ward",1720,306,20.23529412,0.01701,17010,7.076282651,8.57165738,2_42
215,64_15,Backward,64,15,10.880685,106.795521,10.880791,106.810634,VNU-HCM Guest House - VNU-HCM Guest House (Stop CX 264-266) - Nguyen Du Street - Linh Trung Ward,"AH4 Building, Area A Dormitory - Opposite No. 136-138 Nguyen Binh Khiem Street - Linh Trung Ward",2327,353,23.73144476,0.05859,58590,25.32588211,23.98122962,14_42
216,65_64,U-turn,65,64,10.8809022,106.7955379,10.880685,106.795521,VNU-HCM Guest House - Opposite VNU-HCM Guest House (Stop CX 353-355) - Nguyen Du Street - Linh Trung Ward,VNU-HCM Guest House - VNU-HCM Guest House (Stop CX 264-266) - Nguyen Du Street - Linh Trung Ward,525,62.17105263,30.4,0,0,0,0,
217,65_46,Forward,65,46,10.8809022,106.7955379,10.8799484,106.7873966,VNU-HCM Guest House - Opposite VNU-HCM Guest House (Stop CX 353-355) - Nguyen Du Street - Linh Trung Ward,Institute for Environment and Resources - Opposite Institute - Main Axis Road No. 7 - Linh Trung Ward,903,89,36.5258427,0.22995,229950,174.5670029,125.6954754,
218,66_67,Forward,66,67,10.871398,106.77133,10.8724455,106.7681164,City Cemetery - Utility Pole NG/1 - National Highway 1 - Linh Xuan Ward,Nissan Company - Opposite Nissan Company (No. 559) - National Highway 1,370,98,13.59183673,0.04072,40720,339.8161629,38.44853502,
219,67_68,Forward,67,68,10.8724455,106.7681164,10.8743998,106.7656461,Nissan Company - Opposite Nissan Company (No. 559) - National Highway 1,Linh Xuan Overpass - No. 4 National Highway 1K - Linh Xuan Ward,443,63,25.31428571,0.07138,71380,766.2630827,71.20111162,
220,67_87,U-turn,67,87,10.8724455,106.7681164,10.8713557,106.7702832,Nissan Company - Opposite Nissan Company (No. 559) - National Highway 1,Vietcombank - Vietcombank Branch - National Highway 1 - Linh Trung Ward,420,125,12.096,0,0,0,0,
221,68_77,Forward,68,77,10.8743998,106.7656461,10.8791889,106.7746405,Linh Xuan Overpass - No. 4 National Highway 1K - Linh Xuan Ward,Dao Son Tay High School - No. 116-118 Road No. 8 - Linh Xuan Ward,1703,472,12.98898305,0.09576,95760,1636.292988,32.11657936,
222,68_69,Forward,68,69,10.8743998,106.7656461,10.877382,106.766628,Linh Xuan Overpass - No. 4 National Highway 1K - Linh Xuan Ward,Linh Xuan Market - No. 74-76 National Highway 1K - Linh Xuan Ward,346,55,22.64727273,0.05838,58380,727.6915337,49.3263619,
223,68_58,Backward,68,58,10.8743998,106.7656461,10.87373,106.7777662,Linh Xuan Overpass - No. 4 National Highway 1K - Linh Xuan Ward,"University of Economics and Law, VNU-HCM (Gate 2) - 80 m from Gate 2 - Tran Dai Nghia Street - Linh Xuan Ward",1803,246.8641844,26.293,0.13381,133810,1715.133991,42.93304547,57_69
224,68_61,Backward,68,61,10.8743998,106.7656461,10.8723503,106.7798379,Linh Xuan Overpass - No. 4 National Highway 1K - Linh Xuan Ward,65/16 National Highway 1A - Linh Xuan Ward,2254,403.8823354,20.091,0.13381,133810,1715.133991,42.93304547,57_69
225,68_66,Forward,68,66,10.8743998,106.7656461,10.871398,106.77133,Linh Xuan Overpass - No. 4 National Highway 1K - Linh Xuan Ward,City Cemetery - Utility Pole NG/1 - National Highway 1 - Linh Xuan Ward,2033,372,19.67419355,0.07119,71190,878.2593561,50.01331027,
226,68_89,Backward,68,89,10.8743998,106.7656461,10.8692389,106.7767495,Linh Xuan Overpass - No. 4 National Highway 1K - Linh Xuan Ward,"University of Economics and Law, VNU-HCM - Opposite No. 665 Co.opXtra - National Highway 1 - Linh Trung Ward",348,54.10728168,23.154,0.04072,40720,339.8161629,38.44853502,66_67
227,69_70,Forward,69,70,10.877382,106.766628,10.88015,106.768066,Linh Xuan Market - No. 74-76 National Highway 1K - Linh Xuan Ward,Linh Xuan Cao Dai Temple - No. 160 National Highway 1K - Linh Xuan Ward,361,113,11.50088496,0.06126,61260,637.0427295,61.96601355,
228,69_77,Forward,69,77,10.877382,106.766628,10.8791889,106.7746405,Linh Xuan Market - No. 74-76 National Highway 1K - Linh Xuan Ward,Dao Son Tay High School - No. 116-118 Road No. 8 - Linh Xuan Ward,1269,443,10.31241535,0.08694,86940,1398.748254,33.0784833,
229,69_74,Forward,69,74,10.877382,106.766628,10.881822,106.7711123,Linh Xuan Market - No. 74-76 National Highway 1K - Linh Xuan Ward,National Highway 1K - Opposite No. 22 Road No. 8 - Linh Xuan Ward,1239,313,14.25047923,0.04536,45360,573.6747698,28.99847639,
230,70_71,Forward,70,71,10.88015,106.768066,10.881807,106.769487,Linh Xuan Cao Dai Temple - No. 160 National Highway 1K - Linh Xuan Ward,Road No. 8 - No. 202-204 National Highway 1K - Linh Xuan Ward,240,58,14.89655172,0.03769,37690,345.4598013,46.61059018,
231,71_76,Forward,71,76,10.881807,106.769487,10.8808971,106.7726397,Road No. 8 - No. 202-204 National Highway 1K - Linh Xuan Ward,Linh Xuan Football Field - No. 62 Road No. 8 - Linh Xuan Ward,422,67.76999599,22.417,0.02835,28350,331.0605828,57.11239077,
232,71_72,Forward,71,72,10.881807,106.769487,10.885452,106.772568,Road No. 8 - No. 202-204 National Highway 1K - Linh Xuan Ward,Tu Quang Pagoda - National Highway 1K - Linh Xuan Ward,526,69,27.44347826,0.07307,73070,480.9186284,45.10998503,
233,72_73,Forward,72,73,10.885452,106.772568,10.8869185,106.7744084,Tu Quang Pagoda - National Highway 1K - Linh Xuan Ward,Big C - 280A National Highway 1K - Linh Xuan Ward,260,29,32.27586207,0.04344,43440,147.0119606,50.57040677,
234,73_47,Backward,73,47,10.8869185,106.7744084,10.8797271,106.7873868,Big C - 280A National Highway 1K - Linh Xuan Ward,Institute for Environment and Resources - Main Axis Road No. 7,2206,426,18.64225352,0.08757,87570,737.8899757,162.8737217,48_50
235,73_50,Forward,73,50,10.8869185,106.7744084,10.8831622,106.779234,Big C - 280A National Highway 1K - Linh Xuan Ward,VNU-HCM Area B Dormitory - Rear Gate - Tieu Bieu Road No. 3 - Linh Trung Ward,3069,599.349029,18.434,0.36214,362140,2748.6866,269.6656477,
236,73_60,Forward,73,60,10.8869185,106.7744084,10.8726381,106.7793856,Big C - 280A National Highway 1K - Linh Xuan Ward,"University of Economics and Law, VNU-HCM - Opposite Gate 3 - Luong Van Can Street - Binh Chieu Ward",3653,635.0282486,20.709,0.32634,326340,3169.078256,78.68353691,
237,74_83,Backward,74,83,10.881822,106.7711123,10.8819201,106.7692671,National Highway 1K - Opposite No. 22 Road No. 8 - Linh Xuan Ward,Road No. 8 - No. 167 National Highway 1K - Linh Xuan Ward,238,71,12.06760563,0.02835,28350,331.0605828,57.11239077,71_76
238,74_72,Forward,74,72,10.881822,106.7711123,10.885452,106.772568,National Highway 1K - Opposite No. 22 Road No. 8 - Linh Xuan Ward,Tu Quang Pagoda - National Highway 1K - Linh Xuan Ward,595,102,21,0.06363,63630,546.758662,67.26894039,
239,75_74,Forward,75,74,10.8799244,106.7741556,10.881822,106.7711123,Dao Son Tay High School - No. 51-53 Road No. 8 - Linh Xuan Ward,National Highway 1K - Opposite No. 22 Road No. 8 - Linh Xuan Ward,393,53.09216452,26.648,0.05859,58590,756.9650353,72.889085,
240,75_70,Forward,75,70,10.8799244,106.7741556,10.88015,106.768066,Dao Son Tay High School - No. 51-53 Road No. 8 - Linh Xuan Ward,Linh Xuan Cao Dai Temple - No. 160 National Highway 1K - Linh Xuan Ward,1206,348,12.47586207,0.05103,51030,733.594026,31.61587219,
241,75_66,Forward,75,66,10.8799244,106.7741556,10.871398,106.77133,Dao Son Tay High School - No. 51-53 Road No. 8 - Linh Xuan Ward,City Cemetery - Utility Pole NG/1 - National Highway 1 - Linh Xuan Ward,2151,468,16.54615385,0.09828,98280,1379.694498,47.6885184,
242,76_77,Backward,76,77,10.8808971,106.7726397,10.8791889,106.7746405,Linh Xuan Football Field - No. 62 Road No. 8 - Linh Xuan Ward,Dao Son Tay High School - No. 116-118 Road No. 8 - Linh Xuan Ward,293,28.30841899,37.261,0.05859,58590,756.9650353,72.889085,75_74
243,76_70,Forward,76,70,10.8808971,106.7726397,10.88015,106.768066,Linh Xuan Football Field - No. 62 Road No. 8 - Linh Xuan Ward,Linh Xuan Cao Dai Temple - No. 160 National Highway 1K - Linh Xuan Ward,1201,343,12.60524781,0.02331,23310,306.9534606,16.44215589,
244,76_66,Forward,76,66,10.8808971,106.7726397,10.871398,106.77133,Linh Xuan Football Field - No. 62 Road No. 8 - Linh Xuan Ward,City Cemetery - Utility Pole NG/1 - National Highway 1 - Linh Xuan Ward,2145,463,16.67818575,0.07308,73080,1016.013103,26.34684325,
245,76_89,Backward,76,89,10.8808971,106.7726397,10.8692389,106.7767495,Linh Xuan Football Field - No. 62 Road No. 8 - Linh Xuan Ward,"University of Economics and Law, VNU-HCM - Opposite No. 665 Co.opXtra - National Highway 1 - Linh Trung Ward",1460,288,18.25,0.09828,98280,1379.694498,47.6885184,75_66
246,77_62,Forward,77,62,10.8791889,106.7746405,10.8758721,106.7777661,Dao Son Tay High School - No. 116-118 Road No. 8 - Linh Xuan Ward,Bong Dau 2 Cemetery - No. 234-236 Road No. 8 - Linh Xuan Ward,562,121,16.72066116,0.06426,64260,907.7689439,67.89409898,
247,78_79,U-turn,78,79,10.889413,106.8052248,10.8892959,106.8055626,300 VNU-HCM Ring Road - Quarter,Dong An Driving Training Center - Near 300 Thong Nhat Street - Dong An Driving Training Center Gate,24,3,28.8,0,0,0,0,
248,78_40,Backward,78,40,10.889413,106.8052248,10.8876326,106.8046342,300 VNU-HCM Ring Road - Quarter,Ho Da Park - Dong Hoa,241,44,19.71818182,0.0189,18900,0.37644239,35.37827342,41_79
249,78_15,Backward,78,15,10.889413,106.8052248,10.880791,106.810634,300 VNU-HCM Ring Road - Quarter,"AH4 Building, Area A Dormitory - Opposite No. 136-138 Nguyen Binh Khiem Street - Linh Trung Ward",1459,163,32.22331288,0.06673,66730,40.51092099,16.95037036,16_79
250,78_35,Forward,78,35,10.889413,106.8052248,10.8809737,106.8142454,300 VNU-HCM Ring Road - Quarter,Opposite New Eastern Bus Station,1490,186.1465852,28.816,0.27656,276560,91.97653865,72.87753476,
251,79_78,U-turn,79,78,10.8892959,106.8055626,10.889413,106.8052248,Dong An Driving Training Center - Near 300 Thong Nhat Street - Dong An Driving Training Center Gate,300 VNU-HCM Ring Road - Quarter,24,2,43.2,0,0,0,0,
252,79_37,Backward,79,37,10.8892959,106.8055626,10.891579,106.80068,Dong An Driving Training Center - Near 300 Thong Nhat Street - Dong An Driving Training Center Gate,Near Binh Nguyen Residential Area Gateway - Thong Nhat Street - Binh Chieu Ward,654,83,28.36626506,0.11568,115680,3.054087397,82.68355102,36_78
253,80_81,Forward,80,81,10.8656824,106.8016079,10.8735531,106.8094979,Suoi Tien - Suoi Tien (120 Hanoi Highway) - Left Frontage Road of Hanoi Highway - Tan Phu Ward,Ho Chi Minh City Martyrs' Cemetery - National Highway 1 - Tan Phu Ward,1237,178,25.01797753,0.32558,325580,525.4538736,98.23280273,
254,81_8,Forward,81,8,10.8735531,106.8094979,10.8743141,106.807054,Ho Chi Minh City Martyrs' Cemetery - National Highway 1 - Tan Phu Ward,VNU-HCM Ring Road - VNU-HCM Utility Pole 6 (Mua Bui Cafe) - Road 621 - Linh Trung Ward,528,122,15.58032787,0.0126,12600,40.89361782,17.30963911,
255,81_33,Backward,81,33,10.8735531,106.8094979,10.8713888,106.8066598,Ho Chi Minh City Martyrs' Cemetery - National Highway 1 - Tan Phu Ward,People's Security University - Tien Thanh Factory - National Highway 1,646,119,19.54285714,0.02757,27570,80.60280478,70.6239915,33_81
256,82_83,Backward,82,83,10.885494,106.772271,10.8819201,106.7692671,Tu Quang Pagoda - No. 231 National Highway 1K - Linh Xuan Ward,Road No. 8 - No. 167 National Highway 1K - Linh Xuan Ward,514,63,29.37142857,0.07307,73070,480.9186284,45.10998503,71_72
257,82_76,Backward,82,76,10.885494,106.772271,10.8808971,106.7726397,Tu Quang Pagoda - No. 231 National Highway 1K - Linh Xuan Ward,Linh Xuan Football Field - No. 62 Road No. 8 - Linh Xuan Ward,794,109.3454726,26.141,0.06363,63630,546.758662,67.26894039,74_72
258,83_84,Backward,83,84,10.8819201,106.7692671,10.880158,106.767744,Road No. 8 - No. 167 National Highway 1K - Linh Xuan Ward,Linh Xuan Cao Dai Temple - National Highway 1K,256,55,16.75636364,0.03769,37690,345.4598013,46.61059018,70_71
259,84_85,Backward,84,85,10.880158,106.767744,10.8775305,106.7664046,Linh Xuan Cao Dai Temple - National Highway 1K,Linh Xuan Market - National Highway 1K - Linh Xuan Ward,334,45,26.72,0.06126,61260,637.0427295,61.96601355,69_70
260,85_86,Backward,85,86,10.8775305,106.7664046,10.8742961,106.7653083,Linh Xuan Market - National Highway 1K - Linh Xuan Ward,Linh Xuan Overpass - No. 13-15 National Highway 1K,391,63,22.34285714,0.05838,58380,727.6915337,49.3263619,68_69
261,86_87,Backward,86,87,10.8742961,106.7653083,10.8713557,106.7702832,Linh Xuan Overpass - No. 13-15 National Highway 1K,Vietcombank - Vietcombank Branch - National Highway 1 - Linh Trung Ward,746,72.27320434,37.159,0.07119,71190,878.2593561,50.01331027,68_66
262,87_88,Backward,87,88,10.8713557,106.7702832,10.8704781,106.7730323,Vietcombank - Vietcombank Branch - National Highway 1 - Linh Trung Ward,City Cemetery - City Cemetery Gate - National Highway 1 - Linh Trung Ward,316,81,14.04444444,0.06345,63450,241.4778166,38.54213978,57_66
263,88_58,Backward,88,58,10.8704781,106.7730323,10.87373,106.7777662,City Cemetery - City Cemetery Gate - National Highway 1 - Linh Trung Ward,"University of Economics and Law, VNU-HCM (Gate 2) - 80 m from Gate 2 - Tran Dai Nghia Street - Linh Xuan Ward",974,94.46884177,37.117,0.06111,61110,334.7210859,23.67039738,60_66
264,88_61,Backward,88,61,10.8704781,106.7730323,10.8723503,106.7798379,City Cemetery - City Cemetery Gate - National Highway 1 - Linh Trung Ward,65/16 National Highway 1A - Linh Xuan Ward,1173,163.6363636,25.806,0.03654,36540,173.5739535,24.01328885,57_58
265,88_89,Backward,88,89,10.8704781,106.7730323,10.8692389,106.7767495,City Cemetery - City Cemetery Gate - National Highway 1 - Linh Trung Ward,"University of Economics and Law, VNU-HCM - Opposite No. 665 Co.opXtra - National Highway 1 - Linh Trung Ward",429,94,16.42978723,0.06345,63450,241.4778166,38.54213978,57_66
266,89_90,Backward,89,90,10.8692389,106.7767495,10.8670444,106.787312,"University of Economics and Law, VNU-HCM - Opposite No. 665 Co.opXtra - National Highway 1 - Linh Trung Ward",Nong Lam University - Utility Pole SI 2 - National Highway 1 - Linh Trung Ward,1202,202,21.42178218,0.07494,74940,174.3431431,43.99933492,52_53
267,90_54,Backward,90,54,10.8670444,106.787312,10.867911,106.7878803,Nong Lam University - Utility Pole SI 2 - National Highway 1 - Linh Trung Ward,Nong Lam University,191,55,12.50181818,0.00189,1890,8.868465888,6.988685904,54_55
268,90_91,Backward,90,91,10.8670444,106.787312,10.8668594,106.7902717,Nong Lam University - Utility Pole SI 2 - National Highway 1 - Linh Trung Ward,Nong Lam University - No. 1026/2 (1030) - National Highway 1 - Linh Trung Ward,339,96,12.7125,0.03259,32590,155.618046,27.58934169,29_55
269,91_92,Backward,91,92,10.8668594,106.7902717,10.8634172,106.7973919,Nong Lam University - No. 1026/2 (1030) - National Highway 1 - Linh Trung Ward,Tram 2 Overpass - Kim Loi Gold Shop - National Highway 1,1552,175,31.92685714,0.05031,50310,87.09078311,145.0043384,28_30
270,92_80,Backward,92,80,10.8634172,106.7973919,10.8656824,106.8016079,Tram 2 Overpass - Kim Loi Gold Shop - National Highway 1,Suoi Tien - Suoi Tien (120 Hanoi Highway) - Left Frontage Road of Hanoi Highway - Tan Phu Ward,532,50,38.304,0.39098,390980,704.4711025,136.0788251,31_30
